{"name":"96570f8b-a1c3-4d21-a8a7-596df691cce8","id":"/providers/Microsoft.Flow/flows/96570f8b-a1c3-4d21-a8a7-596df691cce8","type":"Microsoft.Flow/flows","properties":{"apiId":"/providers/Microsoft.PowerApps/apis/shared_logicflows","displayName":"Calculate Time to Read","definition":{"metadata":{"workflowEntityId":null,"processAdvisorMetadata":null,"flowChargedByPaygo":null,"flowclientsuspensionreason":"None","flowclientsuspensiontime":null,"flowclientsuspensionreasondetails":null,"creator":{"id":"be7f6a61-71ec-4e63-8609-3e2cb740dc75","type":"User","tenantId":"32292181-0169-456b-b0a4-95fa4c5773a4"},"provisioningMethod":"FromDefinition","failureAlertSubscription":true,"clientLastModifiedTime":"2023-08-30T14:27:31.4949374Z"},"$schema":"https://schema.management.azure.com/providers/Microsoft.Logic/schemas/2016-06-01/workflowdefinition.json#","contentVersion":"1.0.0.0","parameters":{"$connections":{"defaultValue":{},"type":"Object"},"$authentication":{"defaultValue":{},"type":"SecureObject"}},"triggers":{"When_a_file_is_created_or_modified_(properties_only)":{"recurrence":{"frequency":"Minute","interval":1},"splitOn":"@triggerOutputs()?['body/value']","metadata":{"operationMetadataId":"6818830f-0cf6-4fdf-96e8-756086901aa1"},"type":"OpenApiConnection","inputs":{"host":{"apiId":"/providers/Microsoft.PowerApps/apis/shared_sharepointonline","connectionName":"shared_sharepointonline","operationId":"GetOnUpdatedFileItems"},"parameters":{"dataset":"https://m365x765471.sharepoint.com/","table":"Site Pages"},"authentication":"@parameters('$authentication')"},"conditions":[]}},"actions":{"Initialize_SiteURL_variable":{"runAfter":{},"metadata":{"operationMetadataId":"40c4bfd1-9786-4c03-8ac4-4c8fbaa768b1"},"type":"InitializeVariable","inputs":{"variables":[{"name":"SiteURL","type":"string","value":"https://m365x765471.sharepoint.com/"}]}},"Get_page_versions":{"runAfter":{"Initialize_WordsPerMinute_variable":["Succeeded"]},"metadata":{"operationMetadataId":"278ebe89-a322-4541-af99-d28c14c039d9"},"type":"OpenApiConnection","inputs":{"host":{"apiId":"/providers/Microsoft.PowerApps/apis/shared_sharepointonline","connectionName":"shared_sharepointonline","operationId":"HttpRequest"},"parameters":{"dataset":"@variables('SiteURL')","parameters/method":"GET","parameters/uri":"_api/web/lists/GetByTitle('Site%20Pages')/items(@{triggerOutputs()?['body/ID']})/versions"},"authentication":"@parameters('$authentication')"}},"Parse_page_versions_JSON":{"runAfter":{"Get_page_versions":["Succeeded"]},"metadata":{"operationMetadataId":"d5f91cc0-5aea-4a1a-95f0-21b886f320b8"},"type":"ParseJson","inputs":{"content":"@body('Get_page_versions')","schema":{"type":"object","properties":{"statusCode":{"type":"integer"},"headers":{"type":"object","properties":{"Transfer-Encoding":{"type":"string"},"Vary":{"type":"string"},"Cache-Control":{"type":"string"},"Set-Cookie":{"type":"string"},"X-NetworkStatistics":{"type":"string"},"X-SharePointHealthScore":{"type":"string"},"X-SP-SERVERSTATE":{"type":"string"},"DATASERVICEVERSION":{"type":"string"},"SPClientServiceRequestDuration":{"type":"string"},"SPRequestDuration":{"type":"string"},"X-DataBoundary":{"type":"string"},"X-1DSCollectorUrl":{"type":"string"},"X-AriaCollectorURL":{"type":"string"},"SPRequestGuid":{"type":"string"},"Request-Id":{"type":"string"},"MS-CV":{"type":"string"},"Strict-Transport-Security":{"type":"string"},"X-Frame-Options":{"type":"string"},"Content-Security-Policy":{"type":"string"},"MicrosoftSharePointTeamServices":{"type":"string"},"X-Content-Type-Options":{"type":"string"},"X-MS-InvokeApp":{"type":"string"},"P3P":{"type":"string"},"X-AspNet-Version":{"type":"string"},"X-Powered-By":{"type":"string"},"x-ms-request-id":{"type":"string"},"Timing-Allow-Origin":{"type":"string"},"x-ms-apihub-cached-response":{"type":"string"},"x-ms-apihub-obo":{"type":"string"},"Date":{"type":"string"},"Content-Type":{"type":"string"},"Expires":{"type":"string"},"Last-Modified":{"type":"string"},"Content-Length":{"type":"string"}}},"body":{"type":"object","properties":{"d":{"type":"object","properties":{"results":{"type":"array","items":{"type":"object","properties":{"__metadata":{"type":"object","properties":{"id":{"type":"string"},"uri":{"type":"string"},"type":{"type":"string"}}},"CreatedBy":{"type":"object","properties":{"__deferred":{"type":"object","properties":{"uri":{"type":"string"}}}}},"Fields":{"type":"object","properties":{"__deferred":{"type":"object","properties":{"uri":{"type":"string"}}}}},"FileVersion":{"type":"object","properties":{"__deferred":{"type":"object","properties":{"uri":{"type":"string"}}}}},"Created":{"type":"string"},"IsCurrentVersion":{"type":"boolean"},"VersionId":{"type":"integer"},"VersionLabel":{"type":"string"},"ContentTypeId":{"type":"object","properties":{"__metadata":{"type":"object","properties":{"type":{"type":"string"}}},"StringValue":{"type":"string"}}},"OData__x005f_ModerationComments":{},"FileLeafRef":{"type":"string"},"Modified_x005f_x0020_x005f_By":{"type":"string"},"Created_x005f_x0020_x005f_By":{"type":"string"},"File_x005f_x0020_x005f_Type":{"type":"string"},"HTML_x005f_x0020_x005f_File_x005f_x0020_x005f_Type":{},"OData__x005f_SourceUrl":{},"OData__x005f_SharedFileIndex":{},"ComplianceAssetId":{},"WikiField":{},"Title":{"type":"string"},"ClientSideApplicationId":{"type":"string"},"PageLayoutType":{"type":"string"},"CanvasContent1":{"type":"string"},"BannerImageUrl":{"type":"object","properties":{"__metadata":{"type":"object","properties":{"type":{"type":"string"}}},"Description":{"type":"string"},"Url":{"type":"string"}}},"BannerImageOffset":{},"Description":{"type":"string"},"PromotedState":{"type":"integer"},"FirstPublishedDate":{"type":"string"},"LayoutWebpartsContent":{"type":"string"},"OData__x005f_AuthorByline":{"type":"object","properties":{"__metadata":{"type":"object","properties":{"type":{"type":"string"}}},"results":{"type":"array","items":{"type":"object","properties":{"LookupId":{"type":"integer"},"LookupValue":{"type":"string"},"Email":{"type":"string"}},"required":["LookupId","LookupValue","Email"]}}}},"OData__x005f_TopicHeader":{},"OData__x005f_SPSitePageFlags":{},"OData__x005f_OriginalSourceUrl":{},"OData__x005f_OriginalSourceSiteId":{},"OData__x005f_OriginalSourceWebId":{},"OData__x005f_OriginalSourceListId":{},"OData__x005f_OriginalSourceItemId":{},"Enterprise_x005f_x0020_x005f_Keywords":{"type":"object","properties":{"__metadata":{"type":"object","properties":{"type":{"type":"string"}}},"results":{"type":"array"}}},"TaxKeywordTaxHTField":{},"TaxCatchAll":{"type":"object","properties":{"__metadata":{"type":"object","properties":{"type":{"type":"string"}}},"results":{"type":"array"}}},"TaxCatchAllLabel":{"type":"object","properties":{"__metadata":{"type":"object","properties":{"type":{"type":"string"}}},"results":{"type":"array"}}},"OData__x005f_SPAssetFolderId":{},"ReadingContent":{},"TimeToRead":{"type":"string"},"OData__x005f_SPCallToAction":{},"e08ec7fe47a544f1b6292a718bf74b61":{},"Content_x005f_x0020_x005f_Tags":{"type":"object","properties":{"__metadata":{"type":"object","properties":{"type":{"type":"string"}}},"results":{"type":"array"}}},"OData__x005f_ColorHex":{},"OData__x005f_ColorTag":{},"OData__x005f_Emoji":{},"TranslationStatus":{"type":"string"},"OData__x005f_SPTranslatedLanguages":{},"OData__x005f_SPTranslationLanguage":{},"OData__x005f_SPTranslationSourceItemId":{},"OData__x005f_SPIsTranslation":{"type":"boolean"},"ID":{"type":"integer"},"Author":{"type":"object","properties":{"__metadata":{"type":"object","properties":{"type":{"type":"string"}}},"LookupId":{"type":"integer"},"LookupValue":{"type":"string"},"Email":{"type":"string"}}},"Modified":{"type":"string"},"Editor":{"type":"object","properties":{"__metadata":{"type":"object","properties":{"type":{"type":"string"}}},"LookupId":{"type":"integer"},"LookupValue":{"type":"string"},"Email":{"type":"string"}}},"OData__x005f_HasCopyDestinations":{},"OData__x005f_CopySource":{},"OData__x005f_ModerationStatus":{"type":"integer"},"FileRef":{"type":"string"},"FileDirRef":{"type":"string"},"Last_x005f_x0020_x005f_Modified":{"type":"string"},"Created_x005f_x0020_x005f_Date":{"type":"string"},"File_x005f_x0020_x005f_Size":{"type":"string"},"FSObjType":{"type":"string"},"SortBehavior":{"type":"object","properties":{"__metadata":{"type":"object","properties":{"type":{"type":"string"}}},"LookupId":{"type":"integer"},"LookupValue":{"type":"string"}}},"CheckedOutUserId":{"type":"object","properties":{"__metadata":{"type":"object","properties":{"type":{"type":"string"}}},"LookupId":{"type":"integer"},"LookupValue":{}}},"IsCheckedoutToLocal":{"type":"string"},"CheckoutUser":{},"UniqueId":{"type":"string"},"ParentUniqueId":{"type":"string"},"SyncClientId":{"type":"object","properties":{"__metadata":{"type":"object","properties":{"type":{"type":"string"}}},"LookupId":{"type":"integer"},"LookupValue":{}}},"ProgId":{"type":"string"},"ScopeId":{"type":"string"},"VirusStatus":{"type":"object","properties":{"__metadata":{"type":"object","properties":{"type":{"type":"string"}}},"LookupId":{"type":"integer"},"LookupValue":{"type":"string"}}},"CheckedOutTitle":{"type":"object","properties":{"__metadata":{"type":"object","properties":{"type":{"type":"string"}}},"LookupId":{"type":"integer"},"LookupValue":{}}},"OData__x005f_CheckinComment":{"type":"string"},"MetaInfo":{"type":"string"},"OData__x005f_Level":{"type":"integer"},"OData__x005f_IsCurrentVersion":{"type":"boolean"},"ItemChildCount":{"type":"string"},"FolderChildCount":{"type":"string"},"Restricted":{"type":"string"},"OriginatorId":{"type":"string"},"NoExecute":{"type":"string"},"ContentVersion":{"type":"string"},"OData__x005f_ComplianceFlags":{"type":"string"},"OData__x005f_ComplianceTag":{"type":"string"},"OData__x005f_ComplianceTagWrittenTime":{"type":"string"},"OData__x005f_ComplianceTagUserId":{"type":"string"},"BSN":{"type":"object","properties":{"__metadata":{"type":"object","properties":{"type":{"type":"string"}}},"LookupId":{"type":"integer"},"LookupValue":{"type":"string"}}},"OData__x005f_ListSchemaVersion":{"type":"string"},"OData__x005f_Dirty":{"type":"string"},"OData__x005f_Parsable":{"type":"string"},"OData__x005f_StubFile":{"type":"string"},"OData__x005f_HasEncryptedContent":{"type":"string"},"OData__x005f_HasUserDefinedProtection":{"type":"string"},"AccessPolicy":{"type":"string"},"OData__x005f_VirusStatus":{"type":"string"},"OData__x005f_VirusVendorID":{"type":"string"},"OData__x005f_VirusInfo":{"type":"string"},"OData__x005f_CommentFlags":{"type":"string"},"OData__x005f_CommentCount":{"type":"string"},"OData__x005f_LikeCount":{"type":"string"},"OData__x005f_RmsTemplateId":{"type":"string"},"OData__x005f_IpLabelId":{"type":"string"},"OData__x005f_DisplayName":{"type":"string"},"OData__x005f_IpLabelAssignmentMethod":{"type":"string"},"A2ODMountCount":{"type":"string"},"OData__x005f_ExpirationDate":{"type":"string"},"OData__x005f_IpLabelHash":{"type":"string"},"OData__x005f_IpLabelPromotionCtagVersion":{"type":"string"},"OData__x005f_IpLabelMetaInfo":{"type":"string"},"OData__x005f_AdditionalStreamSize":{"type":"string"},"AppAuthor":{},"AppEditor":{},"SMTotalSize":{"type":"object","properties":{"__metadata":{"type":"object","properties":{"type":{"type":"string"}}},"LookupId":{"type":"integer"},"LookupValue":{"type":"string"}}},"SMLastModifiedDate":{"type":"string"},"SMTotalFileStreamSize":{"type":"string"},"SMTotalFileCount":{"type":"object","properties":{"__metadata":{"type":"object","properties":{"type":{"type":"string"}}},"LookupId":{"type":"integer"},"LookupValue":{"type":"string"}}},"owshiddenversion":{"type":"integer"},"OData__x005f_UIVersion":{"type":"integer"},"OData__x005f_UIVersionString":{"type":"string"},"InstanceID":{},"Order":{"type":"integer"},"GUID":{"type":"string"},"WorkflowVersion":{"type":"integer"},"WorkflowInstanceID":{},"ParentVersionString":{"type":"object","properties":{"__metadata":{"type":"object","properties":{"type":{"type":"string"}}},"LookupId":{"type":"integer"},"LookupValue":{}}},"ParentLeafName":{"type":"object","properties":{"__metadata":{"type":"object","properties":{"type":{"type":"string"}}},"LookupId":{"type":"integer"},"LookupValue":{}}},"DocConcurrencyNumber":{"type":"string"},"StreamHash":{"type":"string"}},"required":["__metadata","CreatedBy","Fields","FileVersion","Created","IsCurrentVersion","VersionId","VersionLabel","ContentTypeId","OData__x005f_ModerationComments","FileLeafRef","Modified_x005f_x0020_x005f_By","Created_x005f_x0020_x005f_By","File_x005f_x0020_x005f_Type","HTML_x005f_x0020_x005f_File_x005f_x0020_x005f_Type","OData__x005f_SourceUrl","OData__x005f_SharedFileIndex","ComplianceAssetId","WikiField","Title","ClientSideApplicationId","PageLayoutType","CanvasContent1","BannerImageUrl","BannerImageOffset","Description","PromotedState","FirstPublishedDate","LayoutWebpartsContent","OData__x005f_AuthorByline","OData__x005f_TopicHeader","OData__x005f_SPSitePageFlags","OData__x005f_OriginalSourceUrl","OData__x005f_OriginalSourceSiteId","OData__x005f_OriginalSourceWebId","OData__x005f_OriginalSourceListId","OData__x005f_OriginalSourceItemId","Enterprise_x005f_x0020_x005f_Keywords","TaxKeywordTaxHTField","TaxCatchAll","TaxCatchAllLabel","OData__x005f_SPAssetFolderId","ReadingContent","TimeToRead","OData__x005f_SPCallToAction","e08ec7fe47a544f1b6292a718bf74b61","Content_x005f_x0020_x005f_Tags","OData__x005f_ColorHex","OData__x005f_ColorTag","OData__x005f_Emoji","TranslationStatus","OData__x005f_SPTranslatedLanguages","OData__x005f_SPTranslationLanguage","OData__x005f_SPTranslationSourceItemId","OData__x005f_SPIsTranslation","ID","Author","Modified","Editor","OData__x005f_HasCopyDestinations","OData__x005f_CopySource","OData__x005f_ModerationStatus","FileRef","FileDirRef","Last_x005f_x0020_x005f_Modified","Created_x005f_x0020_x005f_Date","File_x005f_x0020_x005f_Size","FSObjType","SortBehavior","CheckedOutUserId","IsCheckedoutToLocal","CheckoutUser","UniqueId","ParentUniqueId","SyncClientId","ProgId","ScopeId","VirusStatus","CheckedOutTitle","OData__x005f_CheckinComment","MetaInfo","OData__x005f_Level","OData__x005f_IsCurrentVersion","ItemChildCount","FolderChildCount","Restricted","OriginatorId","NoExecute","ContentVersion","OData__x005f_ComplianceFlags","OData__x005f_ComplianceTag","OData__x005f_ComplianceTagWrittenTime","OData__x005f_ComplianceTagUserId","BSN","OData__x005f_ListSchemaVersion","OData__x005f_Dirty","OData__x005f_Parsable","OData__x005f_StubFile","OData__x005f_HasEncryptedContent","OData__x005f_HasUserDefinedProtection","AccessPolicy","OData__x005f_VirusStatus","OData__x005f_VirusVendorID","OData__x005f_VirusInfo","OData__x005f_CommentFlags","OData__x005f_CommentCount","OData__x005f_LikeCount","OData__x005f_RmsTemplateId","OData__x005f_IpLabelId","OData__x005f_DisplayName","OData__x005f_IpLabelAssignmentMethod","A2ODMountCount","OData__x005f_ExpirationDate","OData__x005f_IpLabelHash","OData__x005f_IpLabelPromotionCtagVersion","OData__x005f_IpLabelMetaInfo","OData__x005f_AdditionalStreamSize","AppAuthor","AppEditor","SMTotalSize","SMLastModifiedDate","SMTotalFileStreamSize","SMTotalFileCount","owshiddenversion","OData__x005f_UIVersion","OData__x005f_UIVersionString","InstanceID","Order","GUID","WorkflowVersion","WorkflowInstanceID","ParentVersionString","ParentLeafName","DocConcurrencyNumber","StreamHash"]}}}}}}}}}},"Check_this_is_a_new_major_version":{"actions":{"Get_page_content":{"runAfter":{},"metadata":{"operationMetadataId":"3651866d-3202-484f-adca-4f97ee3a481e"},"type":"OpenApiConnection","inputs":{"host":{"apiId":"/providers/Microsoft.PowerApps/apis/shared_sharepointonline","connectionName":"shared_sharepointonline","operationId":"HttpRequest"},"parameters":{"dataset":"@variables('SiteURL')","parameters/method":"GET","parameters/uri":"_api/web/lists/GetByTitle('Site%20Pages')/items(@{triggerOutputs()?['body/ID']})/CanvasContent1"},"authentication":"@parameters('$authentication')"}},"Parse_page_content_JSON":{"runAfter":{"Get_page_content":["Succeeded"]},"metadata":{"operationMetadataId":"f43e5b6b-1d2c-4b3e-a827-f29974759089"},"type":"ParseJson","inputs":{"content":"@outputs('Get_page_content')?['body']","schema":{"type":"object","properties":{"d":{"type":"object","properties":{"CanvasContent1":{"type":"string"}}}}}}},"Convert_page_content_to_plain_text":{"runAfter":{"Parse_page_content_JSON":["Succeeded"]},"metadata":{"operationMetadataId":"6487bc04-f53c-4a4d-b6db-51937284d923"},"type":"OpenApiConnection","inputs":{"host":{"apiId":"/providers/Microsoft.PowerApps/apis/shared_conversionservice","connectionName":"shared_conversionservice","operationId":"HtmlToText"},"parameters":{"Content":"<p>@{body('Parse_page_content_JSON')?['d']?['CanvasContent1']}</p>"},"authentication":"@parameters('$authentication')"}},"Check_page_is_not_empty":{"actions":{"Create_array_of_words":{"runAfter":{},"metadata":{"operationMetadataId":"6e829481-dd09-4faf-9231-0c32bacfb36c"},"type":"Compose","inputs":"@split(outputs('Convert_page_content_to_plain_text')?['body'],' ')"},"Calculate_length_of_words_array":{"runAfter":{"Create_array_of_words":["Succeeded"]},"metadata":{"operationMetadataId":"d1bd4f5e-689d-40ba-828c-884d64dab4b4"},"type":"Compose","inputs":"@length(outputs('Create_array_of_words'))"},"Calculate_time_to_read":{"runAfter":{"Calculate_length_of_words_array":["Succeeded"]},"metadata":{"operationMetadataId":"72768dea-c26e-48f9-b4ea-8ad29ebd727b"},"type":"Compose","inputs":"@mul(div(outputs('Calculate_length_of_words_array'),variables('WordsPerMinute')),1)","description":"Based on an assumption of the average adult being able to read 200 words per minute. Feel free to change this formula accordingly."},"Update_time_to_read_column_-_system_update":{"runAfter":{"Calculate_time_to_read":["Succeeded"]},"metadata":{"operationMetadataId":"4347d513-9006-4881-9b9b-68dc41f3b325"},"type":"OpenApiConnection","inputs":{"host":{"apiId":"/providers/Microsoft.PowerApps/apis/shared_sharepointonline","connectionName":"shared_sharepointonline","operationId":"HttpRequest"},"parameters":{"dataset":"@variables('SiteURL')","parameters/method":"POST","parameters/uri":"_api/web/lists/GetByTitle('Site%20Pages')/items(@{triggerOutputs()?['body/ID']})/validateUpdateListItem()","parameters/body":"{\n\t\"formValues\": [\n\t\t{\n\t\t\t\"FieldName\": \"TimeToRead\",\n\t\t\t\"FieldValue\": \"@{if(equals(outputs('Calculate_time_to_read'),1),concat(outputs('Calculate_time_to_read'),' minute'),concat(outputs('Calculate_time_to_read'), ' minutes'))}\"\n\t\t},\n{\n\"FieldName\":\"TimeToReadLastVersionNo\",\n\"FieldValue\":\"@{first(body('Get_current_major_version'))?['VersionLabel']}\"\n},\n {\n    \"FieldName\": \"Modified\",\n    \"FieldValue\": \"@{formatDateTime(triggerOutputs()?['body/Modified'],'g')}\"\n  },\n  {\n    \"FieldName\": \"Editor\",\n    \"FieldValue\": \"@{concat('[{''Key'':''',triggerOutputs()?['body/Editor/Claims'],'''}]')}\"\n  }\n\t],\n\"bNewDocumentUpdate\": true\n}"},"authentication":"@parameters('$authentication')"}}},"runAfter":{"Convert_page_content_to_plain_text":["Succeeded"]},"expression":{"not":{"equals":["@empty(outputs('Convert_page_content_to_plain_text')?['body'])","@true"]}},"metadata":{"operationMetadataId":"edc6d850-f131-42c6-a782-8e31deffda42"},"type":"If"}},"runAfter":{"Get_current_major_version":["Succeeded"]},"expression":{"not":{"equals":["@triggerOutputs()?['body/TimeToReadLastVersionNo']","@first(body('Get_current_major_version'))?['VersionLabel']"]}},"metadata":{"operationMetadataId":"8f063b88-451f-43a1-a151-09642e8416b7"},"type":"If"},"Get_current_major_version":{"runAfter":{"Parse_page_versions_JSON":["Succeeded"]},"metadata":{"operationMetadataId":"fcf8e1b4-33c3-4d31-b5d5-d04a2bdbfa84"},"type":"Query","inputs":{"from":"@body('Parse_page_versions_JSON')?['d']?['results']","where":"@equals(item()?['OData__x005f_Level'], 1)"}},"Initialize_WordsPerMinute_variable":{"runAfter":{"Initialize_SiteURL_variable":["Succeeded"]},"metadata":{"operationMetadataId":"bc2da92a-2d55-4ff0-a6c7-e789d3648663"},"type":"InitializeVariable","inputs":{"variables":[{"name":"WordsPerMinute","type":"integer","value":200}]},"description":"Number of words per minute on which to calculate the time to read. Default is based on the average adult being able to read 200 words per minute. Feel free to change this value accordingly."}}},"connectionReferences":{"shared_sharepointonline":{"connectionName":"0c43331dd47d408186f1d27fde7b4211","source":"Embedded","id":"/providers/Microsoft.PowerApps/apis/shared_sharepointonline","tier":"NotSpecified"},"shared_conversionservice":{"connectionName":"shared-conversionser-938af08b-84ac-4d9a-84ab-0e93-db315fe7","source":"Embedded","id":"/providers/Microsoft.PowerApps/apis/shared_conversionservice","tier":"NotSpecified"}},"flowFailureAlertSubscribed":false,"isManaged":false}}